Kode,Wilayah,Tahun,IPM
7271,Kota Palu,2015,78.4
7271,Kota Palu,2016,78.82
7271,Kota Palu,2017,79.24
7271,Kota Palu,2018,79.66
7271,Kota Palu,2019,80.08
7271,Kota Palu,2020,80.3
7271,Kota Palu,2021,80.92
7271,Kota Palu,2022,81.34
7271,Kota Palu,2023,81.76
7271,Kota Palu,2024,82.18
7271,Kota Palu,2025,82.6
7201,Kab. Banggai,2015,67.8
7201,Kab. Banggai,2016,68.2
7201,Kab. Banggai,2017,68.6
7201,Kab. Banggai,2018,69.0
7201,Kab. Banggai,2019,69.4
7201,Kab. Banggai,2020,69.6
7201,Kab. Banggai,2021,70.2
7201,Kab. Banggai,2022,70.6
7201,Kab. Banggai,2023,71.0
7201,Kab. Banggai,2024,71.4
7201,Kab. Banggai,2025,71.8
7202,Kab. Banggai Kepulauan,2015,62.5
7202,Kab. Banggai Kepulauan,2016,62.93
7202,Kab. Banggai Kepulauan,2017,63.36
7202,Kab. Banggai Kepulauan,2018,63.79
7202,Kab. Banggai Kepulauan,2019,64.22
7202,Kab. Banggai Kepulauan,2020,64.45
7202,Kab. Banggai Kepulauan,2021,65.08
7202,Kab. Banggai Kepulauan,2022,65.51
7202,Kab. Banggai Kepulauan,2023,65.94
7202,Kab. Banggai Kepulauan,2024,66.37
7202,Kab. Banggai Kepulauan,2025,66.8
7203,Kab. Morowali,2015,68.2
7203,Kab. Morowali,2016,68.76
7203,Kab. Morowali,2017,69.32
7203,Kab. Morowali,2018,69.88
7203,Kab. Morowali,2019,70.44
7203,Kab. Morowali,2020,70.8
7203,Kab. Morowali,2021,71.56
7203,Kab. Morowali,2022,72.12
7203,Kab. Morowali,2023,72.68
7203,Kab. Morowali,2024,73.24
7203,Kab. Morowali,2025,73.8
7204,Kab. Poso,2015,68.5
7204,Kab. Poso,2016,68.9
7204,Kab. Poso,2017,69.3
7204,Kab. Poso,2018,69.7
7204,Kab. Poso,2019,70.1
7204,Kab. Poso,2020,70.3
7204,Kab. Poso,2021,70.9
7204,Kab. Poso,2022,71.3
7204,Kab. Poso,2023,71.7
7204,Kab. Poso,2024,72.1
7204,Kab. Poso,2025,72.5
7205,Kab. Donggala,2015,63.4
7205,Kab. Donggala,2016,63.77
7205,Kab. Donggala,2017,64.14
7205,Kab. Donggala,2018,64.51
7205,Kab. Donggala,2019,64.88
7205,Kab. Donggala,2020,65.05
7205,Kab. Donggala,2021,65.62
7205,Kab. Donggala,2022,65.99
7205,Kab. Donggala,2023,66.36
7205,Kab. Donggala,2024,66.73
7205,Kab. Donggala,2025,67.1
7206,Kab. Tolitoli,2015,63.8
7206,Kab. Tolitoli,2016,64.16
7206,Kab. Tolitoli,2017,64.52
7206,Kab. Tolitoli,2018,64.88
7206,Kab. Tolitoli,2019,65.24
7206,Kab. Tolitoli,2020,65.4
7206,Kab. Tolitoli,2021,65.96
7206,Kab. Tolitoli,2022,66.32
7206,Kab. Tolitoli,2023,66.68
7206,Kab. Tolitoli,2024,67.04
7206,Kab. Tolitoli,2025,67.4
7207,Kab. Buol,2015,65.2
7207,Kab. Buol,2016,65.62
7207,Kab. Buol,2017,66.04
7207,Kab. Buol,2018,66.46
7207,Kab. Buol,2019,66.88
7207,Kab. Buol,2020,67.1
7207,Kab. Buol,2021,67.72
7207,Kab. Buol,2022,68.14
7207,Kab. Buol,2023,68.56
7207,Kab. Buol,2024,68.98
7207,Kab. Buol,2025,69.4
7208,Kab. Parigi Moutong,2015,63.1
7208,Kab. Parigi Moutong,2016,63.51
7208,Kab. Parigi Moutong,2017,63.92
7208,Kab. Parigi Moutong,2018,64.33
7208,Kab. Parigi Moutong,2019,64.74
7208,Kab. Parigi Moutong,2020,64.95
7208,Kab. Parigi Moutong,2021,65.56
7208,Kab. Parigi Moutong,2022,65.97
7208,Kab. Parigi Moutong,2023,66.38
7208,Kab. Parigi Moutong,2024,66.79
7208,Kab. Parigi Moutong,2025,67.2
7209,Kab. Tojo Una-Una,2015,62.0
7209,Kab. Tojo Una-Una,2016,62.42
7209,Kab. Tojo Una-Una,2017,62.84
7209,Kab. Tojo Una-Una,2018,63.26
7209,Kab. Tojo Una-Una,2019,63.68
7209,Kab. Tojo Una-Una,2020,63.9
7209,Kab. Tojo Una-Una,2021,64.52
7209,Kab. Tojo Una-Una,2022,64.94
7209,Kab. Tojo Una-Una,2023,65.36
7209,Kab. Tojo Una-Una,2024,65.78
7209,Kab. Tojo Una-Una,2025,66.2
7210,Kab. Sigi,2015,65.5
7210,Kab. Sigi,2016,65.94
7210,Kab. Sigi,2017,66.38
7210,Kab. Sigi,2018,66.82
7210,Kab. Sigi,2019,67.26
7210,Kab. Sigi,2020,67.5
7210,Kab. Sigi,2021,68.14
7210,Kab. Sigi,2022,68.58
7210,Kab. Sigi,2023,69.02
7210,Kab. Sigi,2024,69.46
7210,Kab. Sigi,2025,69.9
7211,Kab. Banggai Laut,2015,62.2
7211,Kab. Banggai Laut,2016,62.63
7211,Kab. Banggai Laut,2017,63.06
7211,Kab. Banggai Laut,2018,63.49
7211,Kab. Banggai Laut,2019,63.92
7211,Kab. Banggai Laut,2020,64.15
7211,Kab. Banggai Laut,2021,64.78
7211,Kab. Banggai Laut,2022,65.21
7211,Kab. Banggai Laut,2023,65.64
7211,Kab. Banggai Laut,2024,66.07
7211,Kab. Banggai Laut,2025,66.5
7212,Kab. Morowali Utara,2015,65.0
7212,Kab. Morowali Utara,2016,65.54
7212,Kab. Morowali Utara,2017,66.08
7212,Kab. Morowali Utara,2018,66.62
7212,Kab. Morowali Utara,2019,67.16
7212,Kab. Morowali Utara,2020,67.5
7212,Kab. Morowali Utara,2021,68.24
7212,Kab. Morowali Utara,2022,68.78
7212,Kab. Morowali Utara,2023,69.32
7212,Kab. Morowali Utara,2024,69.86
7212,Kab. Morowali Utara,2025,70.4
